,ticker,marketCap,rolling_mk,reference_date_y
109869,ACM,7355990600.0,7337912439.18,2019-12-31
109617,ACM,10910991000.0,10207160454.38,2020-12-31
109366,ACM,11778686910.0,11159837778.6,2021-12-31
109116,ACM,12560959710.0,11642676501.6,2022-12-31
108864,ACM,14340264540.0,14882575780.2,2023-12-31
108809,ACM,12696150000.0,13518367352.2,2024-12-31
118476,AHH-PA,666714840.0,612738445.14,2019-12-31
118224,AHH-PA,1021688160.0,922698295.5,2020-12-31
117973,AHH-PA,1015922006.0,1036523137.02,2021-12-31
117723,AHH-PA,1092844423.0,987288197.04,2022-12-31
117471,AHH-PA,911011299.0,966313158.44,2023-12-31
117416,AHH-PA,703518012.0,814371078.28,2024-12-31
201994,AHT-PH,215089140.0,89809773.28,2019-12-31
201742,AHT-PH,328606310.0,406382182.12,2020-12-31
201491,AHT-PH,153651780.0,214844374.66,2021-12-31
201241,AHT-PH,67546920.0,75687368.4,2022-12-31
200989,AHT-PH,36640240.0,40548872.0,2023-12-31
200934,AHT-PH,40989900.0,42348434.74,2024-12-31
195687,AIP,667491993.0,648252346.173913,2020-12-31
195436,AIP,144463427.0,159554816.08,2021-12-31
195186,AIP,216849756.0,202579642.84,2022-12-31
194934,AIP,400423621.0,334344511.06,2023-12-31
194879,AIP,323265451.0,378771021.26,2024-12-31
231198,AIQUF,86692704540.0,83774337665.82,2019-12-31
230946,AIQUF,90915171505.0,88875973987.58,2020-12-31
230695,AIQUF,74139801461.0,72336252378.0,2021-12-31
230445,AIQUF,101751336362.0,95633015605.86,2022-12-31
230194,AIQUF,93824288865.0,98358214914.14,2023-12-31
230139,AIQUF,110436900746.0,104379766854.78,2024-12-31
121869,AJG,24073966000.0,22316166238.0,2019-12-31
121617,AJG,35461030000.0,34334349308.3,2020-12-31
121366,AJG,39859429940.0,40106357988.0,2021-12-31
121116,AJG,48647390880.0,51509729981.6,2022-12-31
120864,AJG,62248305000.0,63948126958.76,2023-12-31
120809,AJG,74456235000.0,69731021759.94,2024-12-31
145557,ALC,32277416000.0,30939062639.82,2019-12-31
145305,ALC,42697512000.0,40831015160.0,2020-12-31
145054,ALC,33712890000.0,31993163759.86,2021-12-31
144804,ALC,38528784000.0,36261839519.98,2022-12-31
144552,ALC,41986594000.0,43699424140.0,2023-12-31
144497,ALC,45657840000.0,44422854120.0,2024-12-31
35283,ALE,3227074000.0,2996166800.0,2019-12-31
35031,ALE,3536454999.0,3310338139.96,2020-12-31
34780,ALE,3689972000.0,3529034079.9,2021-12-31
34530,ALE,3516700000.0,3277132000.0,2022-12-31
34278,ALE,3745440000.0,3731329799.74,2023-12-31
34223,ALE,3792044000.0,3785185279.84,2024-12-31
90366,ALL-PI,33253825000.0,30395977679.96,2019-12-31
90114,ALL-PI,32718465000.0,32998563299.94,2020-12-31
89863,ALL-PI,35852639864.0,34447618269.18,2021-12-31
89613,ALL-PI,36702756000.0,35127143760.0,2022-12-31
89361,ALL-PI,50954397000.0,51652624740.0,2023-12-31
89306,ALL-PI,56522733925.0,51546037461.96,2024-12-31
142085,ALLGF,134269906.0,266546416.24,2023-12-31
142030,ALLGF,67134953.0,66385551.66,2024-12-31
50328,AMCR,18231730000.0,17847242600.0,2019-12-31
50076,AMCR,18051030000.0,18073276600.0,2020-12-31
49825,AMCR,17567250000.0,17465769999.96,2021-12-31
49575,AMCR,13871960000.0,13329744799.86,2022-12-31
49323,AMCR,13569220000.0,14759446799.9,2023-12-31
49268,AMCR,13771100000.0,14300602399.86,2024-12-31
119498,AOGOW,27078361.0,26192932.4,2020-12-31
119247,AOGOW,31195588.0,30862075.24,2021-12-31
118997,AOGOW,52099209.0,51826124.24,2022-12-31
118779,AOGOW,22787948.0,36009743.58,2023-12-31
118722,AOGOW,22241601.0,23764671.44,2024-12-31
70618,AOUT,238402970.0,212854880.28,2019-12-31
70366,AOUT,280096220.0,309063805.18,2020-12-31
70115,AOUT,133576620.0,125707366.66,2021-12-31
69865,AOUT,108217200.0,108219890.68,2022-12-31
69613,AOUT,195986400.0,144537261.84,2023-12-31
69558,AOUT,164910880.0,200491818.26,2024-12-31
99225,AQUNU,71251518.0,70994116.86,2021-12-31
98976,AQUNU,48627642.0,48510170.36,2022-12-31
98791,AQUNU,19622795.0,26222205.16,2023-12-31
98744,AQUNU,18827496.0,18931046.94,2024-12-31
114566,ATDS,9069097.5,4124833011.61,2019-12-31
114314,ATDS,1292304.0,881600851.96,2020-12-31
114063,ATDS,684672.0,2835817.2816000003,2021-12-31
113813,ATDS,284693.88,946246.7790000001,2022-12-31
113643,ATDS,33862.5,58307.1592,2023-12-31
113587,ATDS,222.52,9894.1392,2024-12-31
222272,ATMVR,75037783.0,74676256.48,2022-12-31
222080,ATMVR,53874450.0,63999912.0,2023-12-31
222031,ATMVR,54630583.0,54153274.06,2024-12-31
10520,AWK,27778070000.0,27854379599.96,2019-12-31
10268,AWK,34372520000.0,31973141199.9,2020-12-31
10017,AWK,27740439999.0,26909027599.92,2021-12-31
9767,AWK,25738050000.0,24924314999.88,2022-12-31
9515,AWK,24275550000.0,25999505999.9,2023-12-31
9460,AWK,27241499999.0,25638638999.92,2024-12-31
157235,AXS,4258660460.0,4176386437.2,2019-12-31
156983,AXS,4627825670.0,4437156194.2,2020-12-31
156732,AXS,4586411390.0,4647083762.2,2021-12-31
156482,AXS,4721289160.0,4714041380.0,2022-12-31
156230,AXS,7438408320.0,7309644699.1,2023-12-31
156175,AXS,8191251200.0,7691081607.94,2024-12-31
150706,AYI,4359240000.0,4014839679.98,2019-12-31
150454,AYI,7402578080.0,7316118092.98,2020-12-31
150203,AYI,5307469280.0,5807156447.2,2021-12-31
149953,AYI,6321873120.0,5616557935.2,2022-12-31
149701,AYI,9001401690.0,9821182714.12,2023-12-31
149646,AYI,8517503400.0,9452325533.92,2024-12-31
70710,BBNX,643514949.0,790362467.8918918,2024-12-31
225160,BCAX,947920100.0,1117472112.18,2023-12-31
225105,BCAX,750853970.0,640871501.62,2024-12-31
211838,BEN,12257595000.0,10972150980.0,2019-12-31
211586,BEN,16410100000.0,16530688039.76,2020-12-31
211335,BEN,12915648000.0,12489402240.0,2021-12-31
211085,BEN,14507730000.0,12288958000.0,2022-12-31
210833,BEN,10498046000.0,11049180480.0,2023-12-31
210778,BEN,10384218000.0,10389185040.0,2024-12-31
220479,BGB,557411487.0,549354032.4,2019-12-31
220227,BGB,602522513.0,616341672.42,2020-12-31
219976,BGB,472549161.0,476953069.12,2021-12-31
219726,BGB,505600804.0,491102745.46,2022-12-31
219474,BGB,546245391.0,553266632.2,2023-12-31
219419,BGB,538652446.0,550059729.58,2024-12-31
65740,BIOX,235702926.0,214253959.34,2019-12-31
65488,BIOX,581215240.0,574737197.3,2020-12-31
65237,BIOX,741737836.0,802877257.14,2021-12-31
64987,BIOX,862792664.0,753067808.06,2022-12-31
64735,BIOX,382432000.0,416300503.82,2023-12-31
64680,BIOX,256852000.0,344532998.42,2024-12-31
179142,BIP-PA,14591283000.0,14563722179.8,2019-12-31
178890,BIP-PA,18255162000.0,17491813439.96,2020-12-31
178639,BIP-PA,14202717000.0,16041599919.84,2021-12-31
178389,BIP-PA,14527721678.0,12488396783.98,2022-12-31
178137,BIP-PA,14677443000.0,15688382699.86,2023-12-31
178082,BIP-PA,10925851805.0,13592676328.84,2024-12-31
7909,BKGFY,1525122064.0,4190816288.44,2019-12-31
7657,BKGFY,1494853800.0,1354270280.0,2020-12-31
7406,BKGFY,979646925.0,960908155.66,2021-12-31
7156,BKGFY,1313477000.0,1206969059.96,2022-12-31
6906,BKGFY,5322621786.0,1845246734.16,2023-12-31
6851,BKGFY,5061028539.0,5031559259.06,2024-12-31
64434,BKUCF,22069739.0,15099093.36,2019-12-31
64182,BKUCF,5028379.2,6090020.900799999,2020-12-31
63931,BKUCF,15445905.0,18644972.44,2021-12-31
63681,BKUCF,13125550.0,11984356.712600002,2022-12-31
63432,BKUCF,18042539.0,11156744.3222,2023-12-31
63377,BKUCF,10700905.0,14305273.548,2024-12-31
184366,BMA,995566663.0,968007945.82,2019-12-31
184114,BMA,896457586.0,976844639.02,2020-12-31
183863,BMA,1049916802.0,910435163.32,2021-12-31
183613,BMA,1835115884.0,1526688532.5,2022-12-31
183361,BMA,6182964000.0,5447280640.32,2023-12-31
183306,BMA,5188680000.0,5934495240.0,2024-12-31
174291,BRKR,8216934000.0,7607211539.86,2019-12-31
174039,BRKR,12620064000.0,12258510179.94,2020-12-31
173788,BRKR,10054285000.0,9638462720.0,2021-12-31
173538,BRKR,10691340000.0,9385070099.96,2022-12-31
173286,BRKR,8681622000.0,8524710979.98,2023-12-31
173231,BRKR,6746200000.0,7821357759.98,2024-12-31
209264,BSPK,4928223.19,3629372.3101999997,2019-12-31
209012,BSPK,8530324.18,6834121.071199999,2020-12-31
208761,BSPK,42153.56,646928.8282,2021-12-31
208512,BSPK,360971.81,1310273.7804,2022-12-31
208294,BSPK,618227.78,1108056.3548,2023-12-31
208238,BSPK,643648.33,879278.5225999999,2024-12-31
63131,BTCY,4712044.39,5258586.392999999,2019-12-31
62879,BTCY,32135403.0,34350827.7,2020-12-31
62628,BTCY,3893318.91,8075160.516,2021-12-31
62378,BTCY,10326344.0,10122906.419200001,2022-12-31
62126,BTCY,6519777.5,7593065.291600001,2023-12-31
62069,BTCY,9208300.22,10907675.7084,2024-12-31
160157,BTE,300790336.0,270218589.8,2019-12-31
159905,BTE,1779540270.0,1796011095.72,2020-12-31
159654,BTE,2457634300.0,2678657908.0,2021-12-31
159404,BTE,2770340800.0,3172207103.92,2022-12-31
159152,BTE,2077674000.0,2226007605.66,2023-12-31
159097,BTE,1787766000.0,1905822979.84,2024-12-31
89060,BWB,349936901.0,334182751.88,2019-12-31
88808,BWB,497510181.0,501387058.78,2020-12-31
88557,BWB,488896358.0,512067950.78,2021-12-31
88307,BWB,376808213.0,300420938.66,2022-12-31
88055,BWB,369941600.0,403671731.12,2023-12-31
88000,BWB,382518314.0,383856466.52,2024-12-31
49022,BZZUY,2429344890.0,2434260933.94,2019-12-31
48770,BZZUY,2209200117.0,2276586891.9,2020-12-31
48519,BZZUY,1703212909.0,1647006883.14,2021-12-31
48269,BZZUY,2888056672.0,2622429511.1,2022-12-31
48046,BZZUY,6650599689.0,4278133258.84,2023-12-31
47991,BZZUY,10330992731.0,8597989968.96,2024-12-31
22445,CABA,239467762.0,312745038.72,2019-12-31
22193,CABA,109745411.0,292272712.08,2020-12-31
21942,CABA,272367489.0,128881351.06,2021-12-31
21692,CABA,1008683875.0,766226487.12,2022-12-31
21440,CABA,111089085.0,160391300.16,2023-12-31
21385,CABA,84173227.0,105373135.32,2024-12-31
168904,CANN,28148095.0,22244883.0,2019-12-31
168652,CANN,20969141.0,20793016.8,2020-12-31
168401,CANN,14574991.0,17897175.16,2021-12-31
168151,CANN,7613668.71,11062558.7624,2022-12-31
167899,CANN,1957437.36,4215961.21,2023-12-31
167844,CANN,3044902.56,3301740.0908,2024-12-31
155929,CAPV,106112.01,123089.93199999999,2019-12-31
155677,CAPV,27872884.0,16936617.7124,2020-12-31
155426,CAPV,6584145.9,8076552.3066,2021-12-31
155176,CAPV,5717233.36,6863776.719,2022-12-31
154925,CAPV,482837.37,690457.4334,2023-12-31
154870,CAPV,460890.21,486096.5182,2024-12-31
42025,CBIH,8297926.95,7532742.7126,2022-12-31
41776,CBIH,5248729.87,6602902.17,2023-12-31
41722,CBIH,8397967.78,7411206.568,2024-12-31
1060,CC,4106532366.0,3976130431.58,2019-12-31
808,CC,5366165905.0,5169226317.0,2020-12-31
557,CC,4594427320.0,4609431981.62,2021-12-31
307,CC,4686446501.0,4063746437.48,2022-12-31
55,CC,2529889710.0,2899386832.28,2023-12-31
0,CC,2164985526.0,2515800644.6,2024-12-31
14267,CERS,1168262080.0,1101358081.92,2019-12-31
14015,CERS,1188195180.0,1141484073.6,2020-12-31
13764,CERS,647794700.0,676883344.12,2021-12-31
13514,CERS,391426560.0,311474060.72,2022-12-31
13262,CERS,285552960.0,317484477.58,2023-12-31
13207,CERS,289745040.0,315575590.38,2024-12-31
28038,CGO,130743367.0,120352094.1,2019-12-31
27786,CGO,145701737.0,147627477.1,2020-12-31
27535,CGO,85354877.0,88917935.2,2021-12-31
27285,CGO,87771493.0,84952751.8,2022-12-31
27033,CGO,111634130.0,116183783.18,2023-12-31
26978,CGO,104087310.0,109250510.9,2024-12-31
177957,CLBR-UN,205996061.0,206919196.48,2020-12-31
177706,CLBR-UN,214331250.0,212670937.42,2021-12-31
177456,CLBR-UN,144748465.0,160466380.74,2022-12-31
177204,CLBR-UN,144181465.0,105275116.74,2023-12-31
177149,CLBR-UN,87413210.0,107722138.02,2024-12-31
171675,CLOV,6308380039.0,4497606528.46,2019-12-31
171423,CLOV,1759666581.0,2676957772.96,2020-12-31
171172,CLOV,444206768.0,601726932.18,2021-12-31
170922,CLOV,458538764.0,465503775.64,2022-12-31
170670,CLOV,1549394207.0,1714072677.12,2023-12-31
170615,CLOV,1874029184.0,2020803543.04,2024-12-31
77064,CMMB,216944435.0,50731241.86,2019-12-31
76812,CMMB,78691153.0,105909567.9,2020-12-31
76561,CMMB,37221872.0,25066604.0,2021-12-31
76311,CMMB,6636998.73,7850658.458,2022-12-31
76059,CMMB,31733240.0,28745756.92,2023-12-31
76004,CMMB,1169072.0,28300021.52,2024-12-31
141784,COGT,391694494.0,216553674.9,2019-12-31
141532,COGT,387008819.0,382894091.94,2020-12-31
141281,COGT,814859856.0,845875283.46,2021-12-31
141031,COGT,509974216.0,620850243.44,2022-12-31
140779,COGT,859291524.0,1024657030.24,2023-12-31
140724,COGT,817416794.0,871640971.4,2024-12-31
6479,CORZ,4109428300.0,4199223166.4,2023-12-31
6424,CORZ,2850219260.0,3361835499.96,2024-12-31
73055,CPMV,16979160.0,10037676.7288,2019-12-31
72803,CPMV,7380155.94,8237734.416,2020-12-31
72552,CPMV,7163252.91,8011628.0652,2021-12-31
72305,CPMV,4341868.2,3945218.2788,2022-12-31
72107,CPMV,5074196.64,6461812.8474,2023-12-31
72053,CPMV,5528645.51,6631443.8486,2024-12-31
18185,CQP,17061000000.0,19346228305.16,2019-12-31
17933,CQP,20444160000.0,20317642400.0,2020-12-31
17682,CQP,27525080000.0,27978297600.0,2021-12-31
17432,CQP,24098360000.0,27225871200.0,2022-12-31
17180,CQP,25710080000.0,25710370400.0,2023-12-31
17125,CQP,30240320000.0,30270908799.96,2024-12-31
61999,CRSR,3330465220.0,3083558933.48,2019-12-31
61747,CRSR,2001727750.0,2209007235.92,2020-12-31
61496,CRSR,1336441450.0,1493662903.98,2021-12-31
61246,CRSR,1453117800.0,1367899139.8,2022-12-31
60994,CRSR,690064170.0,726028849.8,2023-12-31
60939,CRSR,1055688480.0,1061299903.16,2024-12-31
229893,CRVL,632477660.0,562327843.2,2019-12-31
229641,CRVL,1212512370.0,1138900223.38,2020-12-31
229390,CRVL,835347800.0,863677886.0,2021-12-31
229140,CRVL,1409534400.0,1229914557.6,2022-12-31
228888,CRVL,5717428880.0,5852363490.4,2023-12-31
228833,CRVL,5702526360.0,5748991389.6,2024-12-31
169205,CSCI,8652122.7,9766507.027999999,2023-12-31
169150,CSCI,10057702.0,9076295.31,2024-12-31
100336,CZWI,119920680.0,102318250.86,2019-12-31
100084,CZWI,144003603.0,143546580.52,2020-12-31
99833,CZWI,125414181.0,135069926.3,2021-12-31
99583,CZWI,122259320.0,108364981.7,2022-12-31
99331,CZWI,166125420.0,159289128.24,2023-12-31
99276,CZWI,149808620.0,155953934.8,2024-12-31
16879,DDT,627505360.0,621920207.2,2019-12-31
16627,DDT,710699280.0,685776613.6,2020-12-31
16376,DDT,639680080.0,613859308.8,2021-12-31
16126,DDT,422135974.0,421785013.92,2022-12-31
15874,DDT,413931000.0,417025220.0,2023-12-31
15819,DDT,416580000.0,415391580.0,2024-12-31
94898,DIBS,475758965.0,523118659.28,2020-12-31
94647,DIBS,198301386.0,230927429.04,2021-12-31
94397,DIBS,186980653.0,174039833.44,2022-12-31
94145,DIBS,136352958.0,150827942.02,2023-12-31
94090,DIBS,112857110.0,140389622.3,2024-12-31
189734,DINO,4191603350.0,3782074784.36,2019-12-31
189482,DINO,5333994380.0,5402727730.3,2020-12-31
189231,DINO,10349927510.0,11521669351.38,2021-12-31
188981,DINO,10393534950.0,10219629807.0,2022-12-31
188729,DINO,6653891999.0,7545482773.7,2023-12-31
188674,DINO,6240493980.0,6667544759.28,2024-12-31
9214,DLOC,2624891.9,1913472.7158000001,2019-12-31
8962,DLOC,2407794.41,2288541.1964,2020-12-31
8711,DLOC,453112.74,631941.2366,2021-12-31
8461,DLOC,616364.03,660977.0474,2022-12-31
8210,DLOC,293506.68,515104.2262,2023-12-31
8155,DLOC,73376.67,87376.9388,2024-12-31
20971,DLR-PJ,39215563450.0,39131909540.68,2019-12-31
20719,DLR-PJ,50324113620.0,46647273624.06,2020-12-31
20468,DLR-PJ,29014602379.0,30104234240.2,2021-12-31
20218,DLR-PJ,41152006980.0,40196624823.56,2022-12-31
19966,DLR-PJ,58160161410.0,59538603986.12,2023-12-31
19911,DLR-PJ,50997143730.0,53321123156.44,2024-12-31
223553,DLR-PK,39215563450.0,39131909540.68,2019-12-31
223301,DLR-PK,50324113620.0,46647273624.06,2020-12-31
223050,DLR-PK,29014602379.0,30104234240.2,2021-12-31
222800,DLR-PK,41152006980.0,40196624823.56,2022-12-31
222548,DLR-PK,58160161410.0,59538603986.12,2023-12-31
222493,DLR-PK,50997143730.0,53321123156.44,2024-12-31
120563,EARN,160959787.0,147393522.94,2019-12-31
120311,EARN,136212131.0,147866037.28,2020-12-31
120060,EARN,91151680.0,93142135.24,2021-12-31
119810,EARN,91185674.0,87740551.6,2022-12-31
119558,EARN,169416438.0,160030145.12,2023-12-31
119503,EARN,166369240.0,167672360.74,2024-12-31
204324,ECX,2680139080.0,2676514301.88,2020-12-31
204102,ECX,1984251045.0,2436878824.84,2021-12-31
203852,ECX,1066317873.0,1068747458.0,2022-12-31
203600,ECX,704361738.0,614630725.74,2023-12-31
203545,ECX,918007004.0,719851019.54,2024-12-31
52940,EDAP,150782962.0,130458118.32,2019-12-31
52688,EDAP,200462154.0,191690613.02,2020-12-31
52437,EDAP,392966221.0,378057097.06,2021-12-31
52187,EDAP,195711790.0,206283192.1,2022-12-31
51935,EDAP,82285827.0,91719913.36,2023-12-31
51880,EDAP,80796491.0,89583574.36,2024-12-31
2366,EFX,23487912000.0,20691965719.98,2019-12-31
2114,EFX,35778938000.0,34571676759.88,2020-12-31
1863,EFX,23809100000.0,22842109500.0,2021-12-31
1613,EFX,30490857000.0,25702476840.0,2022-12-31
1361,EFX,31575915000.0,32544168719.78,2023-12-31
1306,EFX,30424640000.0,31293266939.9,2024-12-31
130177,EH,1155062042.0,794207747.18,2019-12-31
129925,EH,842868100.0,1164016663.96,2020-12-31
129674,EH,494491140.0,318041947.12,2021-12-31
129424,EH,1053620433.0,1001334519.1,2022-12-31
129172,EH,975444750.0,984697540.14,2023-12-31
129117,EH,812869092.0,1203620976.78,2024-12-31
32063,ESE,2687642360.0,2515557218.0,2019-12-31
31811,ESE,2335510470.0,2290919229.38,2020-12-31
31560,ESE,2264047020.0,2288741012.38,2021-12-31
31310,ESE,3019022910.0,2715557320.8,2022-12-31
31058,ESE,3430518765.0,3581429700.62,2023-12-31
31003,ESE,4299294280.0,3887593679.58,2024-12-31
192058,EVI,366579840.0,381914740.72,2019-12-31
191806,EVI,387314460.0,403059904.56,2020-12-31
191555,EVI,299186580.0,256016977.14,2021-12-31
191305,EVI,300398070.0,317996611.8,2022-12-31
191053,EVI,207399750.0,240297071.48,2023-12-31
190998,EVI,235416720.0,222084107.2,2024-12-31
105818,EXOD,492968911.0,506417072.42,2020-12-31
105567,EXOD,51951520.0,71698165.98,2021-12-31
105317,EXOD,72160264.0,99204676.24,2022-12-31
105144,EXOD,820168440.0,679199027.8,2023-12-31
105089,EXOD,1407225120.0,1173044785.58,2024-12-31
87754,FBIO,256299778.0,216663158.22,2019-12-31
87502,FBIO,215637825.0,247331856.68,2020-12-31
87251,FBIO,72926191.0,79091769.4,2021-12-31
87001,FBIO,32359363.0,24999488.9,2022-12-31
86749,FBIO,39985498.0,35899636.08,2023-12-31
86694,FBIO,33879338.0,34111766.28,2024-12-31
113535,FBRT,656717057.0,712233223.74,2020-12-31
113284,FBRT,1070606913.0,1146810887.34,2021-12-31
113034,FBRT,1117978344.0,1097522071.2,2022-12-31
112782,FBRT,1025622661.0,1059187788.9,2023-12-31
112727,FBRT,1071366365.0,1059021441.5,2024-12-31
134155,FCNCP,5637266899.0,5353719003.36,2019-12-31
133903,FCNCP,13094172325.0,8231861931.16,2020-12-31
133652,FCNCP,11064765885.0,11598242959.0,2021-12-31
133402,FCNCP,20615430439.0,20585838898.26,2022-12-31
133150,FCNCP,30376720581.0,30617435402.34,2023-12-31
133095,FCNCP,27009043606.0,29365972763.2,2024-12-31
163703,FCRX,766806600.0,789439408.64,2020-12-31
163452,FCRX,712262521.0,718773576.82,2021-12-31
163202,FCRX,867240199.0,871339206.4,2022-12-31
162950,FCRX,910653536.0,907050950.68,2023-12-31
162895,FCRX,919128399.0,913545963.24,2024-12-31
55552,FCT,301578752.0,290985586.4,2019-12-31
55300,FCT,313359659.0,311427442.92,2020-12-31
55049,FCT,247622145.0,255390916.44,2021-12-31
54799,FCT,262172384.0,255744094.32,2022-12-31
54547,FCT,268928572.0,269058489.58,2023-12-31
54492,FCT,266070343.0,268263005.18,2024-12-31
237728,FDBC,321205828.0,290556892.0,2019-12-31
237476,FDBC,333682701.0,302121887.4,2020-12-31
237225,FDBC,265435629.0,263418678.32,2021-12-31
236975,FDBC,330981997.0,298084564.9,2022-12-31
236723,FDBC,281848694.0,304938548.54,2023-12-31
236668,FDBC,257360201.0,254926367.98,2024-12-31
167212,FFIC,525890560.0,443433601.54,2019-12-31
166960,FFIC,759472200.0,755070079.2,2020-12-31
166709,FFIC,589539600.0,613388880.0,2021-12-31
166459,FFIC,488632000.0,424279639.96,2022-12-31
166207,FFIC,424715760.0,485516286.86,2023-12-31
166152,FFIC,398542800.0,419623929.6,2024-12-31
240029,FHSEY,47159934.0,72091619.68,2020-12-31
239782,FHSEY,5499784.27,8688935.3376,2021-12-31
239532,FHSEY,1592050.57,2962363.2315999996,2022-12-31
239328,FHSEY,2747104.63,5628707.5088,2023-12-31
239280,FHSEY,2692162.54,2305095.4974,2024-12-31
210532,FMCKN,5982990901.0,6226687355.58,2019-12-31
210280,FMCKN,1678449796.0,1812243927.98,2020-12-31
210029,FMCKN,5336100000.0,6374860799.88,2021-12-31
209782,FMCKN,8020320000.0,6054694800.0,2022-12-31
209565,FMCKN,29494079999.0,23668352399.78,2023-12-31
209510,FMCKN,31531500000.0,30191330399.74,2024-12-31
239034,FPH,367526959.0,340506443.32,2019-12-31
238782,FPH,445816012.0,438080422.4,2020-12-31
238531,FPH,329700624.0,313625949.88,2021-12-31
238281,FPH,211656118.0,179114851.38,2022-12-31
238029,FPH,561377522.0,535117731.86,2023-12-31
237974,FPH,380864533.0,619334802.12,2024-12-31
13132,FROG,5823069069.0,6214461979.5,2019-12-31
12880,FROG,2907149275.0,3167749169.44,2020-12-31
12629,FROG,2143366379.0,2275696393.34,2021-12-31
12379,FROG,3644779100.0,2927007202.0,2022-12-31
12127,FROG,3203366610.0,3334684434.4,2023-12-31
12072,FROG,3879160400.0,3919949272.88,2024-12-31
115872,G,7802568632.0,7533069988.24,2019-12-31
115620,G,9853653150.0,9511843237.64,2020-12-31
115369,G,8493771631.0,8365998313.74,2021-12-31
115119,G,6281004904.0,6161501140.74,2022-12-31
114867,G,7627722430.0,7671492268.34,2023-12-31
114812,G,8781700932.0,8840345803.1,2024-12-31
54246,GBCI,4392381504.0,4005482872.04,2019-12-31
53994,GBCI,6278087938.0,6323257249.24,2020-12-31
53743,GBCI,5474405811.0,6044687801.92,2021-12-31
53493,GBCI,4581747374.0,3891247440.78,2022-12-31
53241,GBCI,5694684746.0,6119849954.14,2023-12-31
53186,GBCI,5181006493.0,5483906570.16,2024-12-31
194633,GEMZ,578874.0,348771.585,2019-12-31
194381,GEMZ,66987.36,113259.99539999999,2020-12-31
194130,GEMZ,40598.4,82691.8364,2021-12-31
193880,GEMZ,3450.86,4433.4673999999995,2022-12-31
193666,GEMZ,1826.93,1292.6942,2023-12-31
193610,GEMZ,1550.86,1082.4436,2024-12-31
153318,GGB,6626874356.0,6063857968.34,2019-12-31
153066,GGB,6984798939.0,6741584657.86,2020-12-31
152815,GGB,8125650297.0,8147072466.0,2021-12-31
152565,GGB,8481684918.0,8107986919.16,2022-12-31
152313,GGB,6044575029.0,6887799922.46,2023-12-31
152258,GGB,6254456106.0,6128527459.5,2024-12-31
175597,GLBS,8992547.67,11932527.733,2019-12-31
175345,GLBS,18903578.0,22979549.56,2020-12-31
175094,GLBS,21611416.0,25176270.36,2021-12-31
174844,GLBS,54543097.0,43862529.38,2022-12-31
174592,GLBS,24081292.0,29580882.56,2023-12-31
174537,GLBS,25522053.0,26901067.1,2024-12-31
117372,GLTO,316025430.0,375833030.75,2019-12-31
117120,GLTO,76543329.0,77263392.38,2020-12-31
116869,GLTO,29483843.0,40577767.68,2021-12-31
116619,GLTO,19521126.0,16484506.0,2022-12-31
116367,GLTO,5324147.7,6879485.8152,2023-12-31
116312,GLTO,7671352.6,5411472.194800001,2024-12-31
86448,GNL-PB,1567958578.0,1463422940.3,2019-12-31
86196,GNL-PB,1582949660.0,1588481423.18,2020-12-31
85945,GNL-PB,1304539740.0,1331543816.4,2021-12-31
85695,GNL-PB,2291684000.0,2027322703.88,2022-12-31
85443,GNL-PB,1682381659.0,1722654322.56,2023-12-31
85388,GNL-PB,1847073960.0,1723199260.08,2024-12-31
216561,GNRV,33995635.0,33097611.7,2019-12-31
216309,GNRV,50488567.0,48907938.3,2020-12-31
216058,GNRV,38645326.0,39420340.44,2021-12-31
215809,GNRV,24148150.0,24753613.34,2022-12-31
215626,GNRV,13661013.0,16182264.14,2023-12-31
215572,GNRV,18741951.0,17869563.8,2024-12-31
19240,GPAK,11510693.0,15730866.306400001,2022-12-31
18986,GPAK,255793.19,308947.0144,2023-12-31
18929,GPAK,191844.89,272368.5882,2024-12-31
199380,GSCCF,1115105421.0,1039865150.0,2020-12-31
199129,GSCCF,576904332.0,733284005.82,2021-12-31
198879,GSCCF,224936940.0,211099039.28,2022-12-31
198631,GSCCF,215139964.0,301676748.14,2023-12-31
198575,GSCCF,217753000.0,226525702.14,2024-12-31
188262,HBAN,12857340000.0,12044380200.0,2019-12-31
188010,HBAN,22180544340.0,22646843686.74,2020-12-31
187759,HBAN,20346300000.0,21222489600.0,2021-12-31
187509,HBAN,18418560000.0,16162286399.94,2022-12-31
187257,HBAN,23635136140.0,24480898389.16,2023-12-31
187202,HBAN,22279312350.0,23491081111.94,2024-12-31
124855,HFFG,390388850.0,396449646.06,2019-12-31
124603,HFFG,454356076.0,408447852.0,2020-12-31
124352,HFFG,218483914.0,233347277.58,2021-12-31
124102,HFFG,285700957.0,250699914.7,2022-12-31
123850,HFFG,169252652.0,185556713.92,2023-12-31
123795,HFFG,219915979.0,132023367.12,2024-12-31
242270,HFRO,734087398.0,642126527.3,2019-12-31
242018,HFRO,796317662.0,810722388.84,2020-12-31
241767,HFRO,701649472.0,754225497.46,2021-12-31
241517,HFRO,524476871.0,542345913.76,2022-12-31
241265,HFRO,343134239.0,367596602.8,2023-12-31
241210,HFRO,349745689.0,369262688.14,2024-12-31
206874,HHH,4371406473.0,4024740038.66,2019-12-31
206622,HHH,5541896674.0,5031419274.7,2020-12-31
206371,HHH,3767506000.0,3422228519.88,2021-12-31
206121,HHH,4244648800.0,3705491574.26,2022-12-31
205869,HHH,3821924040.0,3998332764.66,2023-12-31
205814,HHH,3788633750.0,3755502458.12,2024-12-31
136767,HIW,4120053690.0,3799758395.28,2019-12-31
136515,HIW,4678962470.0,4697116823.8,2020-12-31
136264,HIW,2943799806.0,2976099539.7,2021-12-31
136014,HIW,2427108832.0,2114650282.88,2022-12-31
135762,HIW,3246586860.0,3419256868.74,2023-12-31
135707,HIW,2611151034.0,2958891964.28,2024-12-31
165676,HQL,470987730.0,443792063.4,2019-12-31
165424,HQL,466513588.0,486358003.98,2020-12-31
165173,HQL,372472.52,383654.5592,2021-12-31
164923,HQL,360609511.0,329188795.24,2022-12-31
164671,HQL,358839032.0,390341379.18,2023-12-31
164616,HQL,381520525.0,389276513.86,2024-12-31
185672,HQY,5356934659.0,4960246814.08,2019-12-31
185420,HQY,3703241920.0,4721857310.12,2020-12-31
185169,HQY,5222017520.0,5643881774.8,2021-12-31
184919,HQY,5700142500.0,5849400902.72,2022-12-31
184667,HQY,8366168350.0,8356176129.32,2023-12-31
184612,HQY,7846098399.0,9099959341.94,2024-12-31
171871,HURA,171904074.0,205265480.62,2023-12-31
171816,HURA,150888906.0,153343477.36,2024-12-31
158851,IDYA,444656898.0,396480055.3,2019-12-31
158599,IDYA,912314076.0,874277095.9,2020-12-31
158348,IDYA,874558494.0,827880077.5,2021-12-31
158098,IDYA,2321465488.0,2008635290.76,2022-12-31
157846,IDYA,2215044707.0,2388507701.7,2023-12-31
157791,IDYA,1518395302.0,1789864713.64,2024-12-31
29344,IGIC,366832000.0,343923160.0,2019-12-31
29092,IGIC,367609136.0,369678639.18,2020-12-31
28841,IGIC,361600000.0,352442479.98,2021-12-31
28591,IGIC,555128000.0,507028399.88,2022-12-31
28339,IGIC,1088208000.0,1085042479.96,2023-12-31
28284,IGIC,1246460296.0,1164429769.72,2024-12-31
221785,IIM,736434506.0,716680180.0,2019-12-31
221533,IIM,801863310.0,777793097.54,2020-12-31
221282,IIM,567174689.0,552313985.66,2021-12-31
221032,IIM,552112789.0,522083124.9,2022-12-31
220780,IIM,559643739.0,580438859.34,2023-12-31
220725,IIM,569057427.0,573274759.08,2024-12-31
6195,IMCR,1495243063.0,1551926050.88,2020-12-31
5944,IMCR,2663583709.0,2737839214.24,2021-12-31
5694,IMCR,3340094771.0,2584720996.62,2022-12-31
5442,IMCR,1475647200.0,1580852410.66,2023-12-31
5387,IMCR,1483385610.0,1502015497.7,2024-12-31
36526,IMTH,943359.0,685507.54,2019-12-31
36274,IMTH,15813900.0,8184773.711399999,2020-12-31
36023,IMTH,26023512.0,31947563.46,2021-12-31
35773,IMTH,15867995.0,7229940.94,2022-12-31
35586,IMTH,11401713.0,11702928.746399999,2023-12-31
35529,IMTH,12418820.0,13394924.2168,2024-12-31
193364,INTT,67037091.0,53724090.9,2019-12-31
193112,INTT,135051687.0,140603916.22,2020-12-31
192861,INTT,110474318.0,104811168.56,2021-12-31
192611,INTT,164860546.0,156486599.88,2022-12-31
192359,INTT,104710046.0,93689942.24,2023-12-31
192304,INTT,92392675.0,101266994.06,2024-12-31
154624,IONS,7959135800.0,7087320134.3,2019-12-31
154372,IONS,4308857570.0,4374128151.36,2020-12-31
154121,IONS,5363340000.0,5836796399.94,2021-12-31
153871,IONS,7284960000.0,6961651199.94,2022-12-31
153619,IONS,5194811280.0,5489573886.58,2023-12-31
153564,IONS,5001243300.0,4875382793.96,2024-12-31
197023,IOVA,6837968000.0,6097811823.96,2019-12-31
196771,IOVA,2999287170.0,3264510326.3,2020-12-31
196520,IOVA,1052848350.0,1220974555.94,2021-12-31
196270,IOVA,2080881630.0,1427259561.3,2022-12-31
196018,IOVA,2244190600.0,2728418047.38,2023-12-31
195963,IOVA,1052253510.0,1523631562.0,2024-12-31
190769,IWFL,36182709.0,35209054.18,2020-12-31
190518,IWFL,16026176.0,17136122.68,2021-12-31
190276,IWFL,29566216.0,26547173.08,2022-12-31
190035,IWFL,14386419.0,16939893.32,2023-12-31
189980,IWFL,14564789.0,14397366.62,2024-12-31
135461,JELD,2548550232.0,2384167770.42,2019-12-31
135209,JELD,2367206394.0,2347153381.66,2020-12-31
134958,JELD,813955420.0,829745311.98,2021-12-31
134708,JELD,1610638073.0,1316508944.46,2022-12-31
134456,JELD,692498685.0,933491827.94,2023-12-31
134401,JELD,526772504.0,634765094.68,2024-12-31
126649,JOE,2499564205.0,1985017994.58,2019-12-31
126397,JOE,3064836675.0,2927593229.76,2020-12-31
126146,JOE,2254668659.0,2135419146.26,2021-12-31
125896,JOE,3509343561.0,3071159622.6,2022-12-31
125644,JOE,2620848582.0,2908039455.02,2023-12-31
125589,JOE,2733753024.0,2742459771.54,2024-12-31
165970,JVSAR,59915000.0,64977192.64,2023-12-31
165922,JVSAR,57766445.0,60009286.82,2024-12-31
195781,JVSAU,59915000.0,64977192.64,2023-12-31
195733,JVSAU,57766445.0,60009286.82,2024-12-31
205568,JWN,4928059000.0,3639624939.98,2019-12-31
205316,JWN,3607890000.0,4187508999.96,2020-12-31
205065,JWN,2584014000.0,3073683279.96,2021-12-31
204815,JWN,2998125000.0,2533346999.98,2022-12-31
204563,JWN,3960600000.0,3809092059.94,2023-12-31
204508,JWN,4023487000.0,3987333279.88,2024-12-31
26890,JZ,46588902.0,83847431.98,2021-12-31
26640,JZ,48851736.0,42896669.08,2022-12-31
26389,JZ,17629017.0,20134384.02,2023-12-31
26334,JZ,18785713.0,18004823.88,2024-12-31
68352,KBR,4361130000.0,3799561229.26,2019-12-31
68100,KBR,6629450967.0,6266963811.06,2020-12-31
67849,KBR,7207471656.0,6917671232.66,2021-12-31
67599,KBR,7480350000.0,7274258813.88,2022-12-31
67347,KBR,7704690000.0,8329712000.0,2023-12-31
67292,KBR,6828220000.0,7066157000.0,2024-12-31
176903,KDP,45094400000.0,41921868400.0,2019-12-31
176651,KDP,52274852000.0,50254067439.84,2020-12-31
176400,KDP,50476729999.0,53041615999.9,2021-12-31
176150,KDP,46434752000.0,43965571519.92,2022-12-31
175898,KDP,43561144000.0,44836243239.92,2023-12-31
175843,KDP,46110470000.0,44102765399.96,2024-12-31
139172,KELYA,808401000.0,806491019.92,2019-12-31
138920,KELYA,660738000.0,707088159.92,2020-12-31
138669,KELYA,640510000.0,623242759.94,2021-12-31
138419,KELYA,763186000.0,711753899.96,2022-12-31
138167,KELYA,496264000.0,563606560.0,2023-12-31
138112,KELYA,478895000.0,485527439.94,2024-12-31
214450,KEP,15753798449.0,13011841483.4,2019-12-31
214198,KEP,11735103327.0,12042989298.42,2020-12-31
213947,KEP,5546569625.0,4677863835.82,2021-12-31
213697,KEP,4654239558.0,4398224283.86,2022-12-31
213445,KEP,8833425699.0,8194695362.9,2023-12-31
213390,KEP,9783532533.0,9514677977.52,2024-12-31
170369,KEY-PK,15833647980.0,14573367117.94,2019-12-31
170117,KEY-PK,21347625330.0,21504080020.6,2020-12-31
169866,KEY-PK,16113047080.0,16538905109.44,2021-12-31
169616,KEY-PK,13356244800.0,11353735597.0,2022-12-31
169364,KEY-PK,16265500060.0,17294003500.1,2023-12-31
169309,KEY-PK,16351756530.0,16727648156.14,2024-12-31
107253,KIM-PN,40265328553.0,41453170257.6,2023-12-31
107199,KIM-PN,39721656005.0,40356611844.78,2024-12-31
57139,KNWN,102137296.0,92765290.9,2021-12-31
57104,KNWN,161618048.0,138712312.9136,2024-12-31
104843,KRRO,1207244221.0,903212301.06,2019-12-31
104591,KRRO,178578634.0,202845684.68,2020-12-31
104340,KRRO,1040270000.0,573283340.0,2021-12-31
104090,KRRO,384206880.0,301068134.4,2022-12-31
103838,KRRO,354173509.0,488719152.64,2023-12-31
103783,KRRO,223556328.0,276579088.76,2024-12-31
215496,KTTA,814496333.0,542100228.28,2020-12-31
215245,KTTA,16719862.0,24531840.98,2021-12-31
214995,KTTA,7707706.8,7422313.3319999995,2022-12-31
214751,KTTA,3289053.6,3358467.6128000002,2023-12-31
214696,KTTA,1370102.5,1777422.4836000002,2024-12-31
123721,KVACU,109110625.0,108687913.6,2022-12-31
123476,KVACU,164151000.0,174071683.06,2023-12-31
123421,KVACU,151227182.0,162597997.38,2024-12-31
236422,LBTYA,13929274401.0,13098203068.96,2019-12-31
236170,LBTYA,14433681016.0,15531640347.26,2020-12-31
235919,LBTYA,8695456788.0,8588153105.44,2021-12-31
235669,LBTYA,6798909170.0,6177097848.76,2022-12-31
235417,LBTYA,4633879517.0,5507233885.16,2023-12-31
235362,LBTYA,4194459908.0,4181967317.08,2024-12-31
45375,LEE,71442000.0,57892899.84,2019-12-31
45123,LEE,199454787.0,151521429.52,2020-12-31
44872,LEE,108074880.0,104544146.72,2021-12-31
44622,LEE,46511700.0,55426946.66,2022-12-31
44370,LEE,86684700.0,96189518.86,2023-12-31
44315,LEE,62874000.0,65525568.58,2024-12-31
144373,LEJUY,55273.54,1332032.102,2023-12-31
144318,LEJUY,57892.48,61860.8754,2024-12-31
112481,LILA,2586729020.0,2083211505.74,2019-12-31
112229,LILA,2909185764.0,2822660856.92,2020-12-31
111978,LILA,1627233000.0,1639918070.0,2021-12-31
111728,LILA,1496357000.0,1424589180.0,2022-12-31
111476,LILA,1252920000.0,1498854799.96,2023-12-31
111421,LILA,1310050000.0,1329316600.0,2024-12-31
140478,LISMF,10002245.0,6279613.880400001,2019-12-31
140226,LISMF,52685668.0,53348752.74,2020-12-31
139975,LISMF,34074201.0,34013589.62,2021-12-31
139725,LISMF,23069054.0,22030480.76,2022-12-31
139473,LISMF,6836060.0,8159117.465399999,2023-12-31
139418,LISMF,8271632.6,7819237.7744,2024-12-31
152012,LRMR,342477207.0,334367088.96,2019-12-31
151760,LRMR,197876223.0,201657694.86,2020-12-31
151509,LRMR,99098569.0,83252395.7,2021-12-31
151259,LRMR,199771858.0,149218601.38,2022-12-31
151007,LRMR,246929831.0,413936068.98,2023-12-31
150952,LRMR,145478040.0,201997534.46,2024-12-31
144283,LVLU,291854299.0,348097691.0285714,2020-12-31
144032,LVLU,96704675.0,165754124.36,2021-12-31
143782,LVLU,75239970.0,86902165.32,2022-12-31
143530,LVLU,47123397.0,54139584.34,2023-12-31
143475,LVLU,17981955.0,31279968.8,2024-12-31
30650,LXFR,454158661.0,414762783.66,2019-12-31
30398,LXFR,530846208.0,561248793.58,2020-12-31
30147,LXFR,370858679.0,390758544.96,2021-12-31
29897,LXFR,240027065.0,233325637.82,2022-12-31
29645,LXFR,350921969.0,372601165.36,2023-12-31
29590,LXFR,316875299.0,354975398.88,2024-12-31
59655,MAA-PI,14475979470.0,14127089837.4,2019-12-31
59403,MAA-PI,26445024960.0,24219641859.6,2020-12-31
59152,MAA-PI,18116332020.0,18172069254.0,2021-12-31
58902,MAA-PI,15684221160.0,14719022168.38,2022-12-31
58650,MAA-PI,18056867400.0,18306278100.0,2023-12-31
58595,MAA-PI,19124602200.0,18492909732.0,2024-12-31
3972,MACI,160960000.0,180045601.8,2023-12-31
3918,MACI,164960000.0,162768000.0,2024-12-31
146863,MAN,4968918000.0,4816196759.92,2019-12-31
146611,MAN,5216888000.0,5279852400.0,2020-12-31
146360,MAN,4227067999.0,4213545039.88,2021-12-31
146110,MAN,3870189000.0,3640256819.76,2022-12-31
145858,MAN,2747472000.0,2943517079.98,2023-12-31
145803,MAN,2761672000.0,2750689360.0,2024-12-31
219173,MAV,278423583.0,271569343.68,2019-12-31
218921,MAV,276211770.0,280975526.32,2020-12-31
218670,MAV,193707190.0,188087290.32,2021-12-31
218420,MAV,191793961.0,175144714.3,2022-12-31
218168,MAV,201598847.0,206721322.84,2023-12-31
218113,MAV,205186075.0,204664686.86,2024-12-31
148270,MDBH,90298759.0,80943479.12,2022-12-31
148018,MDBH,58562481.0,59975563.3,2023-12-31
147963,MDBH,60328651.0,59776490.68,2024-12-31
183060,MDT,157717296000.0,149505508879.98,2019-12-31
182808,MDT,139005765000.0,152352386739.98,2020-12-31
182557,MDT,103383144000.0,107134740799.94,2021-12-31
182307,MDT,109540686000.0,101963580179.9,2022-12-31
182055,MDT,102438112000.0,110441271319.88,2023-12-31
182000,MDT,115582712000.0,116022010079.88,2024-12-31
5141,MHN,434398587.0,422810519.7,2019-12-31
4889,MHN,444876608.0,449172827.34,2020-12-31
4638,MHN,316453063.0,306926885.28,2021-12-31
4388,MHN,317839604.0,297039406.36,2022-12-31
4136,MHN,312699994.0,322891473.88,2023-12-31
4081,MHN,312095231.0,315276602.58,2024-12-31
75758,MIY,429953924.0,418510126.76,2019-12-31
75506,MIY,452676266.0,447966544.6,2020-12-31
75255,MIY,327158415.0,330262482.6,2021-12-31
75005,MIY,329039560.0,308092280.06,2022-12-31
74753,MIY,323826765.0,337330167.7,2023-12-31
74698,MIY,330778324.0,333999212.62,2024-12-31
18738,MLYS,344801881.0,299536610.5,2022-12-31
18486,MLYS,613224939.0,643234135.66,2023-12-31
18431,MLYS,807819437.0,548391868.12,2024-12-31
93844,MODG,2261381850.0,1934446883.4,2019-12-31
93592,MODG,5103044425.0,5168431650.82,2020-12-31
93341,MODG,3651775000.0,3701106319.9,2021-12-31
93091,MODG,2644296000.0,2342728239.98,2022-12-31
92839,MODG,1444668000.0,1601844099.94,2023-12-31
92784,MODG,1269367000.0,1329217639.96,2024-12-31
43182,MOG-A,2543537428.0,2419696343.8,2019-12-31
42930,MOG-A,2595687597.0,2468387665.1,2020-12-31
42679,MOG-A,2786029047.0,2721584665.22,2021-12-31
42429,MOG-A,4618786182.0,4250980479.44,2022-12-31
42177,MOG-A,6296648228.0,6627860214.92,2023-12-31
42122,MOG-A,5791310626.0,5862248537.36,2024-12-31
147917,MRAI,343903811.0,83017478.6521739,2020-12-31
147666,MRAI,14911341.0,19109297.42,2021-12-31
147416,MRAI,13543038.0,10105458.8712,2022-12-31
147164,MRAI,11441734.0,13226247.187199999,2023-12-31
147109,MRAI,13850520.0,11317488.847600002,2024-12-31
69409,MSSAR,150032840.0,148361550.8,2021-12-31
69159,MSSAR,35117400.0,35073744.0,2022-12-31
68959,MSSAR,38877330.0,37689189.32,2023-12-31
68907,MSSAR,39549837.0,38509692.46,2024-12-31
200688,MVT,317110542.0,309005657.62,2019-12-31
200436,MVT,338711377.0,322278735.58,2020-12-31
200185,MVT,222877599.0,219405401.5,2021-12-31
199935,MVT,227311146.0,213149049.18,2022-12-31
199683,MVT,222667835.0,230730310.54,2023-12-31
199628,MVT,226889027.0,227070537.72,2024-12-31
82288,NAOV,18465925.0,7242582.3536,2019-12-31
82036,NAOV,29117691.0,31807017.1,2020-12-31
81785,NAOV,7155136.8,10158022.672,2021-12-31
81535,NAOV,2353253.05,2141939.1111999997,2022-12-31
81283,NAOV,1653876.79,1759920.032,2023-12-31
81228,NAOV,11913519.0,3083510.2657999997,2024-12-31
68905,NBBK,574391665.0,581224577.0,2022-12-31
68653,NBBK,709564234.0,766643686.68,2023-12-31
68598,NBBK,748495226.0,733978745.3,2024-12-31
161353,NCDL,917679070.0,917254087.58,2023-12-31
161298,NCDL,929753751.0,938799562.12,2024-12-31
162649,NEON,77652000.0,77865494.36,2019-12-31
162397,NEON,120147600.0,110567650.7,2020-12-31
162146,NEON,75969322.0,61584875.68,2021-12-31
161896,NEON,35173211.0,22400266.62,2022-12-31
161644,NEON,131515400.0,119425693.74,2023-12-31
161589,NEON,139825000.0,136996539.94,2024-12-31
226296,NEOV,74850892.0,65544317.04,2019-12-31
226044,NEOV,140190767.0,134579136.94,2020-12-31
225793,NEOV,91574892.0,120567174.4,2021-12-31
225543,NEOV,53162257.0,63455799.28,2022-12-31
225291,NEOV,173201557.0,151245904.88,2023-12-31
225236,NEOV,89247082.0,108724694.32,2024-12-31
181754,NGS,124503996.0,135870943.86,2019-12-31
181502,NGS,131262390.0,140734762.76,2020-12-31
181251,NGS,139915140.0,135209791.4,2021-12-31
181001,NGS,199038239.0,179716181.98,2022-12-31
180749,NGS,333043600.0,302833167.32,2023-12-31
180694,NGS,275999220.0,316216857.6,2024-12-31
172985,NODK,352416565.0,365562203.0,2019-12-31
172733,NODK,404158759.0,413259418.52,2020-12-31
172482,NODK,279681903.0,285920474.88,2021-12-31
172232,NODK,267592804.0,263695301.9,2022-12-31
171980,NODK,329467844.0,335381190.78,2023-12-31
171925,NODK,299668841.0,304537410.58,2024-12-31
203299,NUGN,4916666.66,2769333.3334,2019-12-31
203047,NUGN,19114908.0,19044870.7844,2020-12-31
202796,NUGN,14232979.0,16369741.92,2021-12-31
202546,NUGN,9672319.55,9234220.2772,2022-12-31
202295,NUGN,2639300.5,4299765.07,2023-12-31
202240,NUGN,931517.82,1700020.025,2024-12-31
106953,NXPLW,3212144.0,1884884.7659999998,2019-12-31
106701,NXPLW,29700681.0,27837328.36,2020-12-31
106450,NXPLW,17303847.0,22170897.0,2021-12-31
106200,NXPLW,30895583.0,31371599.6,2022-12-31
105948,NXPLW,20500560.0,19605380.0,2023-12-31
105893,NXPLW,17655170.0,19457367.62,2024-12-31
85323,OABI,1148208590.0,1145953508.0,2020-12-31
85072,OABI,336060000.0,379738464.94,2021-12-31
84822,OABI,617999540.0,489071013.42,2022-12-31
84570,OABI,362471220.0,402652822.3,2023-12-31
84515,OABI,266179300.0,340868279.78,2024-12-31
51634,OBT,122679200.0,112491198.86,2019-12-31
51382,OBT,226513613.0,214772827.46,2020-12-31
51131,OBT,262094993.0,260650037.9,2021-12-31
50881,OBT,339299028.0,276279753.62,2022-12-31
50629,OBT,314187445.0,327760734.56,2023-12-31
50574,OBT,277491546.0,161337454.54,2024-12-31
39680,OC,7985104000.0,7840855679.92,2019-12-31
39428,OC,9004750000.0,9192442640.0,2020-12-31
39177,OC,7941430000.0,8238046599.88,2021-12-31
38927,OC,13118355000.0,11757826799.92,2022-12-31
38675,OC,14817840000.0,16400300399.9,2023-12-31
38620,OC,13152660000.0,14504274599.92,2024-12-31
232504,OMAB,2520120625.0,2270683299.04,2019-12-31
232252,OMAB,2591679546.0,2418511522.38,2020-12-31
232001,OMAB,23880717242.0,25371640157.62,2021-12-31
231751,OMAB,32681518437.0,27197140263.44,2022-12-31
231499,OMAB,3313333666.0,6661553608.46,2023-12-31
231444,OMAB,3907877026.0,3756357401.32,2024-12-31
30951,ORIS,33679125.0,140191904.08,2023-12-31
30896,ORIS,25534500.0,27845109.66,2024-12-31
188563,ORKT,60401204.0,61821232.88,2023-12-31
188508,ORKT,16980338.0,26225922.68,2024-12-31
91512,ORMNF,214581580.0,209728734.78,2019-12-31
91260,ORMNF,128901749.0,131731411.22,2020-12-31
91009,ORMNF,4984787.86,5535775.5818,2021-12-31
90779,ORMNF,2390958.69,2622189.7754,2022-12-31
90634,ORMNF,1736319.25,2535267.7884,2023-12-31
90612,ORMNF,1772380.67,2085896.3979999998,2024-12-31
138073,OWLT,226117949.0,216791687.66666666,2019-12-31
137821,OWLT,294726086.0,409387490.18,2020-12-31
137570,OWLT,62756226.0,94535278.64,2021-12-31
137320,OWLT,44705907.0,43023339.54,2022-12-31
137068,OWLT,67232077.0,73616858.04,2023-12-31
137013,OWLT,59526828.0,69446958.42,2024-12-31
180448,PCB,155535707.0,160744413.14,2019-12-31
180196,PCB,326062387.0,326174024.08,2020-12-31
179945,PCB,260043176.0,272426464.86,2021-12-31
179695,PCB,262145205.0,232716098.54,2022-12-31
179443,PCB,288238123.0,290990934.82,2023-12-31
179388,PCB,272288187.0,275446844.08,2024-12-31
40986,PCG-PC,24733100000.0,22768970000.0,2019-12-31
40734,PCG-PC,25906760000.0,23957412200.0,2020-12-31
40483,PCG-PC,32321383254.0,30542713282.5,2021-12-31
40233,PCG-PC,38468767576.0,36637713980.34,2022-12-31
39981,PCG-PC,43124660000.0,43729003600.0,2023-12-31
39926,PCG-PC,36653920000.0,34656246600.0,2024-12-31
67046,PFD,214236969.0,208415010.7,2019-12-31
66794,PFD,219743632.0,201799819.56,2020-12-31
66543,PFD,142792008.0,141619007.42,2021-12-31
66293,PFD,126983292.0,122806210.34,2022-12-31
66041,PFD,144462830.0,146855977.76,2023-12-31
65986,PFD,145233973.0,144961499.7,2024-12-31
46681,PHGE,152766356.0,140200725.24,2019-12-31
46429,PHGE,47606784.0,55646277.56,2020-12-31
46178,PHGE,5605620.46,8137442.286,2021-12-31
45928,PHGE,12874380.0,15111763.38,2022-12-31
45676,PHGE,11948905672.0,11337892873.18,2023-12-31
45621,PHGE,10310656860.0,12248153666.22,2024-12-31
41593,PHIN,1398323795.0,1236526329.22,2022-12-31
41341,PHIN,2076127000.0,2179384968.62,2023-12-31
41286,PHIN,1881887072.0,2041170726.84,2024-12-31
15573,PLBC,121894500.0,118727853.88,2019-12-31
15321,PLBC,196792960.0,204732882.1,2020-12-31
15070,PLBC,216705449.0,202948601.82,2021-12-31
14820,PLBC,242680090.0,214316744.08,2022-12-31
14568,PLBC,278644960.0,273159321.56,2023-12-31
14513,PLBC,257596240.0,265211513.52,2024-12-31
101353,PLMJU,350921750.0,351044753.5,2020-12-31
101102,PLMJU,362860325.0,359654998.5,2021-12-31
100852,PLMJU,242300526.0,241122990.42,2022-12-31
100611,PLMJU,35019092.0,146663929.16,2023-12-31
100582,PLMJU,35239536.0,52468946.98,2024-12-31
167765,PODC,42683845.0,52330394.18,2022-12-31
167513,PODC,51219064.0,44770489.26,2023-12-31
167458,PODC,36312181.0,49001446.0,2024-12-31
6770,POLEU,296279898.0,284378398.64,2023-12-31
6716,POLEU,301002000.0,295047883.54,2024-12-31
108563,POR,3830310120.0,3737757025.7,2019-12-31
108311,POR,4730836320.0,4501720214.6,2020-12-31
108060,POR,4374622000.0,4201869069.92,2021-12-31
107810,POR,4384257454.0,4215159051.2,2022-12-31
107558,POR,4529718900.0,4812364221.0,2023-12-31
107503,POR,4513335320.0,4448570729.54,2024-12-31
3672,PPIH,49724850.0,46485853.48,2019-12-31
3420,PPIH,70229880.0,67857003.48,2020-12-31
3169,PPIH,75637800.0,75797799.94,2021-12-31
2919,PPIH,62884800.0,55680157.04,2022-12-31
2667,PPIH,119315950.0,118282676.18,2023-12-31
2612,PPIH,111654190.0,114950342.98,2024-12-31
19861,PRME,1378525783.0,1340182288.58,2021-12-31
19611,PRME,862761292.0,741127529.68,2022-12-31
19359,PRME,349711668.0,413673634.72,2023-12-31
19304,PRME,241940121.0,304040768.96,2024-12-31
133083,PVLA,134655600.0,124696696.16666667,2023-12-31
133028,PVLA,312737631.0,213012228.86,2024-12-31
157770,QETAU,90454574.0,90275633.28571428,2022-12-31
157530,QETAU,72795000.0,75116869.66,2023-12-31
157481,QETAU,74313000.0,73353900.0,2024-12-31
132782,QQQ,114793350358.0,108082354688.04,2019-12-31
132530,QQQ,148796920883.0,146451193765.32,2020-12-31
132279,QQQ,101750447609.0,106024247143.4,2021-12-31
132029,QQQ,159808601061.0,149354726908.48,2022-12-31
131777,QQQ,200964520668.0,200665284792.02,2023-12-31
131722,QQQ,192878444528.0,200503486280.4,2024-12-31
37636,QZMRF,2907877.58,2873780.7013999997,2019-12-31
37384,QZMRF,6071627.85,5938587.5246,2020-12-31
37133,QZMRF,956238.27,1150693.1524,2021-12-31
36944,QZMRF,4931919.62,4238024.855,2022-12-31
36829,QZMRF,10152727.0,13037165.0,2023-12-31
36772,QZMRF,20305454.0,17856229.4824,2024-12-31
98713,REVBW,91426860.0,90767014.67741935,2019-12-31
98461,REVBW,144852750.0,85777874.02,2020-12-31
98210,REVBW,4543722.43,5440967.048400001,2021-12-31
97960,REVBW,3973375.78,4777256.8932,2022-12-31
97708,REVBW,1235452.8,1763294.5164,2023-12-31
97653,REVBW,5110998.0,10480691.1436,2024-12-31
80982,RFL,377140857.0,335053594.88,2019-12-31
80730,RFL,100536947.0,166741086.82,2020-12-31
80479,RFL,43299883.0,43148683.98,2021-12-31
80229,RFL,43265630.0,41615953.9,2022-12-31
79977,RFL,39703709.0,44160251.34,2023-12-31
79922,RFL,47817431.0,47531062.5,2024-12-31
97407,RGCO,195419807.0,198586108.22,2019-12-31
97155,RGCO,195023164.0,186698186.32,2020-12-31
96904,RGCO,216756042.0,220979098.3,2021-12-31
96654,RGCO,203994802.0,183294444.58,2022-12-31
96402,RGCO,223435040.0,214985470.34,2023-12-31
96347,RGCO,214428085.0,218904798.44,2024-12-31
235116,ROP,45264450000.0,42979776860.0,2019-12-31
234864,ROP,51940416000.0,50756400720.0,2020-12-31
234613,ROP,45844749000.0,44832576220.0,2021-12-31
234363,ROP,58278672999.0,55633945619.86,2022-12-31
234111,ROP,55727920000.0,58789377679.9,2023-12-31
234056,ROP,61874545000.0,60576760240.24,2024-12-31
34142,RSMXF,13947229.0,12523210.288800001,2021-12-31
33892,RSMXF,11986528.0,13168566.02,2022-12-31
33671,RSMXF,7390324.98,9161052.6024,2023-12-31
33615,RSMXF,4713242.62,5405310.3132,2024-12-31
186978,RVMD,2787930808.0,2594989414.4,2019-12-31
186726,RVMD,1866666676.0,2087128953.68,2020-12-31
186475,RVMD,2123762258.0,1948654404.56,2021-12-31
186225,RVMD,4049154452.0,3278586806.34,2022-12-31
185973,RVMD,7297755860.0,8507708431.74,2023-12-31
185918,RVMD,6598800016.0,6779712644.84,2024-12-31
58349,SAVA,257257220.0,251853529.94,2019-12-31
58097,SAVA,1746339400.0,2095080571.98,2020-12-31
57846,SAVA,1204493500.0,1445220944.9,2021-12-31
57596,SAVA,949651880.0,937020792.68,2022-12-31
57344,SAVA,113223360.0,703784523.58,2023-12-31
57289,SAVA,129721199.0,121763230.6,2024-12-31
47916,SBC,572795703.0,674703929.24,2023-12-31
47861,SBC,367067255.0,461857402.04,2024-12-31
23751,SBUX,125968950000.0,114470140999.96,2019-12-31
23499,SBUX,134702652000.0,130102009999.96,2020-12-31
23248,SBUX,113931200000.0,110337543499.96,2021-12-31
22998,SBUX,109124966000.0,112132182279.98,2022-12-31
22746,SBUX,103778649820.0,110330636686.52,2023-12-31
22691,SBUX,108613484000.0,119207182429.54,2024-12-31
227433,SBYSF,9798212160.0,9392922475.2,2019-12-31
227181,SBYSF,8003957866.0,9412092769.44,2020-12-31
226930,SBYSF,8405685090.0,6759642514.64,2021-12-31
226680,SBYSF,4047710810.0,3521791461.34,2022-12-31
226508,SBYSF,2527460605.0,3000218279.72,2023-12-31
226453,SBYSF,2318018181.0,2462884411.22,2024-12-31
123175,SEM,1941888511.0,1735850005.82,2019-12-31
122923,SEM,2042228284.0,2164078832.66,2020-12-31
122672,SEM,1700314655.0,1657711407.98,2021-12-31
122422,SEM,1567523220.0,1551154612.6,2022-12-31
122170,SEM,2350858900.0,2442423918.8,2023-12-31
122115,SEM,2123061780.0,2320706387.14,2024-12-31
131476,SHECF,74247297300.0,64256225219.9,2019-12-31
131224,SHECF,70740864172.0,72214251402.1,2020-12-31
130973,SHECF,50479299611.0,47901538582.02,2021-12-31
130723,SHECF,83652837606.0,67798918289.78,2022-12-31
130478,SHECF,65331583523.0,71916256387.94,2023-12-31
130423,SHECF,63035394004.0,61393718332.6,2024-12-31
21268,SIMAU,206640000.0,162471134.16,2023-12-31
21217,SIMAU,285069280.0,214822394.8,2024-12-31
213144,SKT,944327520.0,837619062.72,2019-12-31
212892,SKT,1995865600.0,2029246649.44,2020-12-31
212641,SKT,1861831140.0,1930430380.78,2021-12-31
212391,SKT,2932692840.0,2687095684.2,2022-12-31
212139,SKT,3719214360.0,3831819832.74,2023-12-31
212084,SKT,3640754519.0,3664641182.26,2024-12-31
228587,SMID,49158900.0,45097861.26,2019-12-31
228335,SMID,245810000.0,180929783.44,2020-12-31
228084,SMID,107756466.0,111851295.88,2021-12-31
227834,SMID,207612000.0,150999949.66,2022-12-31
227582,SMID,235815840.0,221150980.64,2023-12-31
227527,SMID,186382560.0,194480707.14,2024-12-31
240964,SMKG,18495139.0,17971765.92,2019-12-31
240712,SMKG,46729740.0,38889965.1,2020-12-31
240461,SMKG,9837840.0,10306416.207999999,2021-12-31
240312,SMKG,2394930.0,2714605.247,2022-12-31
240285,SMKG,2539960.31,2355015.4524000003,2023-12-31
240235,SMKG,558791.27,1557503.6630000002,2024-12-31
11826,SMPNY,13386149040.0,12090829740.0,2019-12-31
11574,SMPNY,4949076720.0,5420944152.48,2020-12-31
11323,SMPNY,7374474734.0,7023137970.0,2021-12-31
11073,SMPNY,8048506501.0,7476519388.74,2022-12-31
10821,SMPNY,26115401275.0,14186668249.24,2023-12-31
10766,SMPNY,30579910117.0,28501345425.14,2024-12-31
56858,SNEX,737731537.0,734606410.8,2019-12-31
56606,SNEX,799201152.0,850369313.5,2020-12-31
56355,SNEX,1884155078.0,1885602374.96,2021-12-31
56105,SNEX,2232110289.0,1949267480.06,2022-12-31
55853,SNEX,3018174917.0,2982760423.7,2023-12-31
55798,SNEX,2451753724.0,3449442891.22,2024-12-31
60709,SNSE,177756538.0,222978640.32,2020-12-31
60458,SNSE,45806110.0,44551821.86,2021-12-31
60208,SNSE,17320890.0,16754756.8,2022-12-31
59956,SNSE,12325034.0,12836561.8,2023-12-31
59901,SNSE,11683760.0,11925337.22,2024-12-31
74361,SPCE,5557367617.0,5646154855.48,2019-12-31
74109,SPCE,3455893440.0,4291510156.94,2020-12-31
73858,SPCE,956658959.0,1270542063.58,2021-12-31
73608,SPCE,979426749.0,820479779.0,2022-12-31
73356,SPCE,164481240.0,178842101.0,2023-12-31
73301,SPCE,122226160.0,123972954.42,2024-12-31
208180,SPRB,566025725.0,495167747.6,2019-12-31
207928,SPRB,104775635.0,85806790.2,2020-12-31
207677,SPRB,25919557.0,25541131.42,2021-12-31
207427,SPRB,120217407.0,60227689.84,2022-12-31
207175,SPRB,17347091.0,20448443.9,2023-12-31
207120,SPRB,13625727.0,15470714.06,2024-12-31
33369,SR,3304464000.0,3216951979.96,2019-12-31
33117,SR,3378396000.0,3254930879.96,2020-12-31
32866,SR,3608264000.0,3620735199.86,2021-12-31
32616,SR,3335190000.0,3223096800.0,2022-12-31
32364,SR,3913791000.0,3897208019.88,2023-12-31
32309,SR,4444631000.0,4226698099.86,2024-12-31
224859,STEL,628081710.0,556434599.94,2019-12-31
224607,STEL,708673000.0,699489575.4,2020-12-31
224356,STEL,1031306220.0,1107089373.5,2021-12-31
224106,STEL,1484233920.0,1307021508.0,2022-12-31
223854,STEL,1517887350.0,1567402157.4,2023-12-31
223799,STEL,1491116850.0,1512897328.8,2024-12-31
164612,STRG,2868000.0,2868000.0,2020-12-31
164361,STRG,22944000.0,9117372.0,2021-12-31
164119,STRG,206668.08,270516.6432,2022-12-31
163911,STRG,245707.3,146045.7876,2023-12-31
163855,STRG,5449.2,13109.054199999999,2024-12-31
82963,SUAC,319770000.0,316055652.0,2021-12-31
82723,SUAC,147776833.0,146483882.24,2022-12-31
82592,SUAC,127440000.0,118624275.7036,2023-12-31
82534,SUAC,135700000.0,132655599.88,2024-12-31
38374,SUNS,99615388.0,96719239.16,2019-12-31
38122,SUNS,96308653.0,103201817.3,2020-12-31
38060,SUNS,97548678.0,95477835.7,2021-12-31
37937,SUNS,95751040.0,97719104.7,2023-12-31
37882,SUNS,78200000.0,80869352.08,2024-12-31
92566,THNPY,2607301260.0,2576790440.46,2020-12-31
92315,THNPY,2730516062.0,2636882507.1,2021-12-31
92065,THNPY,4127758902.0,3994232010.74,2022-12-31
91813,THNPY,4815928919.0,4567765226.92,2023-12-31
91758,THNPY,6171429636.0,5405018280.3,2024-12-31
24805,TIXT,8793960000.0,9221262399.98,2020-12-31
24554,TIXT,5264140000.0,5604034800.0,2021-12-31
24304,TIXT,2350920000.0,1989075600.0,2022-12-31
24052,TIXT,1078000000.0,1043955000.0,2023-12-31
23997,TIXT,756250000.0,920040000.0,2024-12-31
102484,TLLTF,106800827.0,114030081.62,2019-12-31
102232,TLLTF,84330740.0,108538685.46,2020-12-31
101981,TLLTF,14084718.0,30112413.5,2021-12-31
101731,TLLTF,8965305.39,11811709.3812,2022-12-31
101479,TLLTF,2048900.4,3202441.4902,2023-12-31
101423,TLLTF,3544675.59,3290160.0922000003,2024-12-31
44236,TMCWW,470236809.0,623027365.16,2020-12-31
43985,TMCWW,205445340.0,218115714.94,2021-12-31
43735,TMCWW,337214581.0,326637691.96,2022-12-31
43483,TMCWW,362503239.0,297329688.08,2023-12-31
43428,TMCWW,576121220.0,559096514.22,2024-12-31
127703,TNYA,782028410.0,902966831.36,2020-12-31
127452,TNYA,111053247.0,130098050.42,2021-12-31
127202,TNYA,221390308.0,144300015.76,2022-12-31
126950,TNYA,123212862.0,203511986.92,2023-12-31
126895,TNYA,59375727.0,83588812.0,2024-12-31
41285,TRLC,188429048.0,188429048.0,2022-12-31
41274,TRLC,54944682.0,66068379.166666664,2023-12-31
41232,TRLC,54944682.0,54944682.0,2024-12-31
47615,TRTN-PD,3247016850.0,3006347214.6,2019-12-31
47363,TRTN-PD,3908144010.0,3929813702.0,2020-12-31
47112,TRTN-PD,4249090840.0,4017102094.26,2021-12-31
46927,TRTN-PD,4357430800.0,4581675422.6,2022-12-31
198329,TRTX-PC,816631431.0,748517295.04,2019-12-31
198077,TRTX-PC,1007086080.0,980604953.6,2020-12-31
197826,TRTX-PC,520499366.0,565926159.0,2021-12-31
197576,TRTX-PC,505304462.0,464864556.74,2022-12-31
197324,TRTX-PC,676157660.0,699847042.08,2023-12-31
197269,TRTX-PC,676953139.0,674200779.82,2024-12-31
233810,TXRH,5442827920.0,5268880072.4,2019-12-31
233558,TXRH,6167998080.0,6149100831.2,2020-12-31
233307,TXRH,6095105200.0,6509798502.8,2021-12-31
233057,TXRH,8170219890.0,7339972087.0,2022-12-31
232805,TXRH,12031072400.0,12737106912.0,2023-12-31
232750,TXRH,11727011600.0,11792904776.0,2024-12-31
128871,UGA,44975931.0,38854823.2,2019-12-31
128619,UGA,75780096.0,75009825.3,2020-12-31
128368,UGA,110894994.0,106180395.2,2021-12-31
128118,UGA,112301070.0,115232087.18,2022-12-31
127866,UGA,96405313.0,97014221.22,2023-12-31
127811,UGA,90739014.0,97948769.02,2024-12-31
217867,VAC,5650235213.0,5125354424.22,2019-12-31
217615,VAC,7956958121.0,6936754579.34,2020-12-31
217364,VAC,5141338000.0,5398492759.92,2021-12-31
217114,VAC,3022084000.0,2942425440.0,2022-12-31
216862,VAC,3178920000.0,3178063319.96,2023-12-31
216807,VAC,2364384000.0,2832303439.96,2024-12-31
103535,VAUCF,3020434.73,3869563.2084,2020-12-31
103284,VAUCF,7076809.2,6415886.1904,2021-12-31
103034,VAUCF,10063801.0,9909508.446,2022-12-31
102785,VAUCF,10640095.0,11969006.038000003,2023-12-31
102730,VAUCF,10138506.0,10521649.9312,2024-12-31
111175,VCEL,1419985920.0,1122427054.34,2019-12-31
110923,VCEL,1846510499.0,1963015051.08,2020-12-31
110672,VCEL,1244090880.0,1120437503.96,2021-12-31
110422,VCEL,1700199450.0,1677215006.88,2022-12-31
110170,VCEL,2695257350.0,2608796384.78,2023-12-31
110115,VCEL,2371543860.0,2669408415.8,2024-12-31
125408,VCIG,84176927.0,100192890.9,2022-12-31
125156,VCIG,136445974.0,133085992.19940001,2023-12-31
125101,VCIG,52733268.0,75215998.18,2024-12-31
74637,VEEAW,1164591.68,1293279.0608,2023-12-31
74607,VEEAW,1873905.04,1248137.8286,2024-12-31
71807,VLYPO,3950237898.0,3654406862.48,2019-12-31
71555,VLYPO,5796640341.0,5746469868.96,2020-12-31
71304,VLYPO,5726928252.0,6008565519.04,2021-12-31
71054,VLYPO,5513439866.0,4655962892.62,2022-12-31
70802,VLYPO,4613601494.0,5034615394.22,2023-12-31
70747,VLYPO,4911220681.0,5093469623.7,2024-12-31
96101,VRDN,104232908.0,66659221.98,2019-12-31
95849,VRDN,516512838.0,220147599.96,2020-12-31
95598,VRDN,1184217419.0,963412155.26,2021-12-31
95348,VRDN,1082069669.0,816272022.82,2022-12-31
95096,VRDN,1273272607.0,1390418558.54,2023-12-31
95041,VRDN,1049514947.0,1136964551.64,2024-12-31
116292,VYND,506680.57,1094003.1630000002,2022-12-31
116176,VYND,2632956.3,4271406.9782,2023-12-31
116118,VYND,5849843.8,5628160.58,2024-12-31
84269,WF,6589453342.0,6402310941.76,2019-12-31
84017,WF,7786169989.0,8072801855.08,2020-12-31
83766,WF,6680613342.0,6652900808.64,2021-12-31
83516,WF,7462696727.0,7178462314.5,2022-12-31
83264,WF,7843253656.0,10306477109.54,2023-12-31
83209,WF,9346930192.0,8503148600.44,2024-12-31
149400,WHF,279706799650.0,258277455941.8,2019-12-31
149148,WHF,359455168000.0,321486953402.0,2020-12-31
148897,WHF,303322298400.0,299817240729.6,2021-12-31
148647,WHF,285889982400.0,286006197840.0,2022-12-31
148395,WHF,224993091840.0,251150863075.04,2023-12-31
148340,WHF,220809336000.0,240844877855.72,2024-12-31
143229,WMT,407367900000.0,414012544200.0,2019-12-31
142977,WMT,400646610000.0,399630154800.0,2020-12-31
142726,WMT,382238872343.0,391780736951.54,2021-12-31
142476,WMT,424078491486.0,426709388835.16,2022-12-31
142224,WMT,726233300000.0,711767904400.0,2023-12-31
142169,WMT,702457210000.0,762429594400.0,2024-12-31
161212,WONDF,124482214.0,133780395.22,2020-12-31
160961,WONDF,22536974.0,32732165.08,2021-12-31
160711,WONDF,143592320.0,94888723.28,2022-12-31
160458,WONDF,132673049.0,89520708.58,2023-12-31
160403,WONDF,100267051.0,95270148.44,2024-12-31
78370,WPP,13994741907.0,12619592896.22,2019-12-31
78118,WPP,17348787595.0,16610287251.78,2020-12-31
77867,WPP,10762106433.0,10714513228.02,2021-12-31
77617,WPP,10221337862.0,9650343890.02,2022-12-31
77365,WPP,11051000000.0,11487235000.0,2023-12-31
77310,WPP,8746484032.0,9630419659.24,2024-12-31
79676,WST,20936609000.0,20576924179.94,2019-12-31
79424,WST,34894344000.0,32488586479.94,2020-12-31
79173,WST,17510040000.0,17355749280.0,2021-12-31
78923,WST,26092092000.0,25716093779.96,2022-12-31
78671,WST,23846368000.0,23357253920.0,2023-12-31
78616,WST,16928700000.0,20038427759.94,2024-12-31
26088,XSNX,4247210.92,2593324.9368000003,2019-12-31
25836,XSNX,5459647.6,6916227.0162,2020-12-31
25585,XSNX,5504162.59,4350291.2022,2021-12-31
25335,XSNX,468616.7,790557.542,2022-12-31
25094,XSNX,541219.35,405881.52800000005,2023-12-31
25036,XSNX,10824.39,17427.2618,2024-12-31
